M	.env.example
M	.gitignore
A	app/admin/activity/page.tsx
M	app/admin/ai/page.tsx
A	app/admin/delivery/[id]/page.tsx
A	app/admin/delivery/page.tsx
A	app/admin/designs/page.tsx
A	app/admin/integration/page.tsx
A	app/admin/loading.tsx
M	app/admin/login/page.tsx
M	app/admin/page.tsx
A	app/admin/pilot/page.tsx
A	app/admin/production/page.tsx
M	app/admin/requests/[id]/page.tsx
A	app/admin/requests/demo/page.tsx
A	app/admin/requests/page.tsx
A	app/admin/settings/page.tsx
A	app/admin/users/page.tsx
M	app/api/branded-preview/[slug]/[[...path]]/route.ts
A	app/checkout/loading.tsx
M	app/checkout/page.tsx
A	app/client/actions.ts
A	app/client/delivery/[id]/page.tsx
A	app/client/error.tsx
A	app/client/files/page.tsx
A	app/client/loading.tsx
A	app/client/login/page.tsx
A	app/client/messages/page.tsx
A	app/client/not-found.tsx
A	app/client/page.tsx
A	app/client/profile/page.tsx
A	app/client/projects/[id]/page.tsx
A	app/client/projects/page.tsx
A	app/designs/[slug]/page.tsx
M	app/designs/page.tsx
M	app/page.tsx
A	app/preview/[slug]/[[...section]]/page.tsx
M	app/privacy/page.tsx
M	app/processing/page.tsx
M	app/request/page.tsx
A	app/sitemap/page.tsx
M	app/templates/[template]/[[...page]]/page.tsx
M	components/customer-website.tsx
A	components/customers/real-spiel-website.tsx
A	components/customers/real-spiel.css
M	components/customers/unique-management-website.tsx
M	components/customers/unique-management.css
M	components/webfactory/build-console.tsx
M	components/webfactory/build-panel.tsx
M	components/webfactory/forms.tsx
A	components/webfactory/legacy/admin-ai-page.tsx
A	components/webfactory/legacy/admin-login-page.tsx
A	components/webfactory/legacy/admin-page.tsx
A	components/webfactory/legacy/admin-request-detail-page.tsx
A	components/webfactory/legacy/checkout-page.tsx
A	components/webfactory/legacy/designs-page.tsx
A	components/webfactory/legacy/home-page.tsx
A	components/webfactory/legacy/privacy-page.tsx
A	components/webfactory/legacy/processing-page.tsx
A	components/webfactory/legacy/request-page.tsx
A	components/webfactory/legacy/template-route-page.tsx
A	components/webfactory/research-pack.tsx
A	components/webfactory/v2/admin/section.tsx
A	components/webfactory/v2/catalog.ts
A	components/webfactory/v2/client/project.tsx
A	components/webfactory/v2/client/section.tsx
A	components/webfactory/v2/client/status-card.tsx
A	components/webfactory/v2/previews/template.css
A	components/webfactory/v2/previews/template.tsx
A	components/webfactory/v2/public/design-grid.tsx
A	components/webfactory/v2/public/home.tsx
A	components/webfactory/v2/public/manual-preview.tsx
A	components/webfactory/v2/shell.tsx
A	components/webfactory/v2/v2.css
A	customers/jm0616studio/README.md
A	customers/jm0616studio/brand/README.md
A	customers/jm0616studio/brief/customer-brief.json
A	customers/jm0616studio/delivery/README.md
A	customers/jm0616studio/delivery/customer-message-drafts.md
A	customers/jm0616studio/delivery/image-prompts.md
A	customers/jm0616studio/delivery/missing-information.md
A	customers/jm0616studio/delivery/myndy-context.md
A	customers/jm0616studio/myndy/agent-context.md
A	customers/jm0616studio/outreach/customer-email.md
A	customers/jm0616studio/outreach/customer-sms.md
A	customers/jm0616studio/qa/approval-checklist.md
A	customers/jm0616studio/qa/checklist.md
A	customers/jm0616studio/qa/form-test-result.md
A	customers/jm0616studio/qa/unverified-information.md
A	customers/jm0616studio/site/README.md
A	customers/jm0616studio/site/customer.config.json
A	customers/lc-real-estate/delivery/README.md
A	customers/lc-real-estate/delivery/image-prompts.md
A	customers/lc-real-estate/delivery/myndy-context.md
A	customers/lc-real-estate/delivery/qa-results.md
M	customers/manifest.json
A	customers/real-spiel-cleaning-company/delivery/research.md
A	customers/real-spiel-cleaning-company/myndy/agent-context.md
A	customers/real-spiel-cleaning-company/site/customer.config.json
A	docs/admin-preview-review.md
A	docs/admin-slug-workflow.md
A	docs/build-readiness-verification.md
A	docs/lc-delivery-verification.md
A	docs/lc-lead-activation.md
A	docs/production-reconciliation-inventory.json
A	docs/production-reconciliation.md
A	docs/staging-validation.md
A	docs/webfactory-v2-staging.md
A	lib/customer-intelligence/adapter.ts
A	lib/customer-intelligence/client.ts
A	lib/customer-intelligence/types.ts
M	lib/leads/config.ts
M	lib/leads/email.ts
M	lib/webfactory/brief-schema.ts
M	lib/webfactory/preview-catalog.ts
A	lib/webfactory/project-data.ts
A	lib/webfactory/project-status.ts
M	lib/webfactory/server.ts
M	lib/webfactory/workflow-state.ts
M	package.json
M	proxy.ts
A	public/customers/real-spiel-cleaning-company/favicon.svg
A	public/customers/real-spiel-cleaning-company/images/kitchen-detail.webp
A	public/customers/real-spiel-cleaning-company/images/living-room.webp
A	public/customers/real-spiel-cleaning-company/logo.svg
A	public/v2/brand/red-spectrum-wordmark-v2.png
A	public/v2/designs/design-0.jpg
A	public/v2/designs/design-1.jpg
A	public/v2/designs/design-2.jpg
A	public/v2/designs/design-3.jpg
A	public/v2/designs/design-4.jpg
A	public/v2/designs/design-5.jpg
A	public/v2/designs/design-6.jpg
A	public/v2/fonts/Inter-0.woff2
A	public/v2/fonts/Inter-1.woff2
A	public/v2/fonts/Inter-2.woff2
A	public/v2/fonts/Inter-3.woff2
A	public/v2/fonts/Outfit-0.woff2
A	public/v2/fonts/Outfit-1.woff2
A	public/v2/fonts/Outfit-2.woff2
A	public/v2/fonts/Outfit-3.woff2
A	scripts/inventory-production-reconciliation.mjs
A	scripts/staging/seed-real-spiel.mjs
A	scripts/staging/setup-db.mjs
A	scripts/staging/test-preview-isolation.mjs
A	scripts/staging/test-real-spiel.mjs
A	scripts/test-admin-auth.mjs
A	scripts/test-admin-reviews.mjs
M	scripts/test-ai-brief.mjs
M	scripts/test-branded-asset-routing.mjs
A	scripts/test-checkout-intelligence.mjs
A	scripts/test-client-access.mjs
M	scripts/test-design-v2.mjs
A	scripts/test-jm0616studio.mjs
M	scripts/test-lc-leads.mjs
M	scripts/test-preview-catalog.mjs
A	scripts/test-project-data-db.mjs
A	scripts/test-project-status.mjs
M	scripts/test-route-readiness.mjs
M	scripts/test-umg-admin-workflow.mjs
A	scripts/test-v2-routes.mjs
M	tsconfig.json
